page,impressions,clicks,ctr,position,page_type,expected_ctr,ctr_ratio,issue_type,priority,estimated_gain,action,url_type,opportunity_score,type,query,competing_pages,dominant_page,total_query_impressions,priority_score,rank
https://demo-store.com/product/new-balance-gym-shoes-935,46301,1445,0.031219,1.7,low_ctr,0.1916,0.1629,Low CTR,High,6095,"Position #1.7: actual CTR 3.1% vs 19.2% expected (16% of benchmark). Fixing could add +6,095 clicks/mo. CRITICAL: Top 3 but low CTR. Rewrite title with number/power word. Add FAQ schema. Add review schema for star ratings in SERPs.",product,22799.16,Low CTR,,,,,3,1
https://demo-store.com/product/brooks-cycling-shoes-398,44876,2467,0.054992,1.7,low_ctr,0.1916,0.287,Low CTR,High,4840,"Position #1.7: actual CTR 5.5% vs 19.2% expected (29% of benchmark). Fixing could add +4,840 clicks/mo. CRITICAL: Top 3 but low CTR. Rewrite title with number/power word. Add FAQ schema. Add review schema for star ratings in SERPs.",product,18821.52,Low CTR,,,,,3,2
https://demo-store.com/product/on-running-cricket-shoes-882,35691,1874,0.052529,1.53,low_ctr,0.21404,0.2454,Low CTR,High,4618,"Position #1.5: actual CTR 5.3% vs 21.4% expected (25% of benchmark). Fixing could add +4,618 clicks/mo. CRITICAL: Top 3 but low CTR. Rewrite title with number/power word. Add FAQ schema. Add review schema for star ratings in SERPs.",product,17602.89,Low CTR,,,,,3,3
https://demo-store.com/product/adidas-trail-shoes-961,35910,2052,0.057152,1.57,low_ctr,0.20876,0.2738,Low CTR,High,4319,"Position #1.6: actual CTR 5.7% vs 20.9% expected (27% of benchmark). Fixing could add +4,319 clicks/mo. CRITICAL: Top 3 but low CTR. Rewrite title with number/power word. Add FAQ schema. Add review schema for star ratings in SERPs.",product,16610.09,Low CTR,,,,,3,4
https://demo-store.com/product/new-balance-gym-shoes-650,45347,3290,0.072569,1.85,low_ctr,0.1718,0.4224,Low CTR,High,3331,"Position #1.9: actual CTR 7.3% vs 17.2% expected (42% of benchmark). Fixing could add +3,331 clicks/mo. CRITICAL: Top 3 but low CTR. Rewrite title with number/power word. Add FAQ schema. Add review schema for star ratings in SERPs.",product,14158.07,Low CTR,,,,,3,5
https://demo-store.com/product/mizuno-football-boots-221,34667,886,0.025563,2.19,low_ctr,0.14364,0.178,Low CTR,High,3346,"Position #2.2: actual CTR 2.6% vs 14.4% expected (18% of benchmark). Fixing could add +3,346 clicks/mo. CRITICAL: Top 3 but low CTR. Rewrite title with number/power word. Add FAQ schema. Add review schema for star ratings in SERPs.",product,13012.0,Low CTR,,,,,3,6
https://demo-store.com/product/brooks-cycling-shoes-428,47612,1204,0.02529,3.07,low_ctr,0.10597,0.2387,Low CTR,High,3084,"Position #3.1: actual CTR 2.5% vs 10.6% expected (24% of benchmark). Fixing could add +3,084 clicks/mo. Rewrite title tag. A/B test with numbers and current year. Add structured data. Add review schema for star ratings in SERPs.",product,11806.85,Low CTR,,,,,3,7
https://demo-store.com/product/puma-basketball-shoes-212,48482,738,0.015228,3.45,low_ctr,0.09495,0.1604,Low CTR,High,3174,"Position #3.5: actual CTR 1.5% vs 9.5% expected (16% of benchmark). Fixing could add +3,174 clicks/mo. Rewrite title tag. A/B test with numbers and current year. Add structured data. Add review schema for star ratings in SERPs.",product,11798.69,Low CTR,,,,,3,8
https://demo-store.com/product/under-armour-casual-shoes-201,29920,1760,0.058829,1.78,low_ctr,0.18104,0.325,Low CTR,High,2844,"Position #1.8: actual CTR 5.9% vs 18.1% expected (32% of benchmark). Fixing could add +2,844 clicks/mo. CRITICAL: Top 3 but low CTR. Rewrite title with number/power word. Add FAQ schema. Add review schema for star ratings in SERPs.",product,11346.07,Low CTR,,,,,3,9
https://demo-store.com/blog/cushioning-guide-2024,39031,1282,0.032859,2.57,low_ctr,0.12692,0.2589,Low CTR,High,2928,"Position #2.6: actual CTR 3.3% vs 12.7% expected (26% of benchmark). Fixing could add +2,928 clicks/mo. CRITICAL: Top 3 but low CTR. Rewrite title with number/power word. Add FAQ schema. Add FAQ schema for expanded SERP presence.",blog,11255.2,Low CTR,,,,,3,10
https://demo-store.com/product/hoka-cross-training-504,27318,662,0.024261,2.1,low_ctr,0.1476,0.1644,Low CTR,High,2764,"Position #2.1: actual CTR 2.4% vs 14.8% expected (16% of benchmark). Fixing could add +2,764 clicks/mo. CRITICAL: Top 3 but low CTR. Rewrite title with number/power word. Add FAQ schema. Add review schema for star ratings in SERPs.",product,10869.96,Low CTR,,,,,3,11
https://demo-store.com/product/hoka-cross-training-99,47277,1856,0.039274,2.89,low_ctr,0.11284,0.3481,Low CTR,High,2677,"Position #2.9: actual CTR 3.9% vs 11.3% expected (35% of benchmark). Fixing could add +2,677 clicks/mo. CRITICAL: Top 3 but low CTR. Rewrite title with number/power word. Add FAQ schema. Add review schema for star ratings in SERPs.",product,10664.32,Low CTR,,,,,3,12
https://demo-store.com/product/reebok-tennis-shoes-588,39169,1638,0.041821,2.54,low_ctr,0.12824,0.3261,Low CTR,High,2631,"Position #2.5: actual CTR 4.2% vs 12.8% expected (33% of benchmark). Fixing could add +2,631 clicks/mo. CRITICAL: Top 3 but low CTR. Rewrite title with number/power word. Add FAQ schema. Add review schema for star ratings in SERPs.",product,10392.12,Low CTR,,,,,3,13
https://demo-store.com/product/altra-badminton-shoes-808,47031,683,0.014537,3.83,low_ctr,0.08393,0.1732,Low CTR,High,2671,"Position #3.8: actual CTR 1.5% vs 8.4% expected (17% of benchmark). Fixing could add +2,671 clicks/mo. Rewrite title tag. A/B test with numbers and current year. Add structured data. Add review schema for star ratings in SERPs.",product,10152.8,Low CTR,,,,,3,14
https://demo-store.com/sale/mid-season-sale,40334,970,0.024056,3.1,low_ctr,0.1051,0.2289,Low CTR,High,2632,"Position #3.1: actual CTR 2.4% vs 10.5% expected (23% of benchmark). Fixing could add +2,632 clicks/mo. Rewrite title tag. A/B test with numbers and current year. Add structured data. Add urgency/discount % to title tag.",sale,10032.76,Low CTR,,,,,3,15
https://demo-store.com/product/mizuno-football-boots-461,19256,815,0.042329,1.54,low_ctr,0.21272,0.199,Low CTR,High,2666,"Position #1.5: actual CTR 4.2% vs 21.3% expected (20% of benchmark). Fixing could add +2,666 clicks/mo. CRITICAL: Top 3 but low CTR. Rewrite title with number/power word. Add FAQ schema. Add review schema for star ratings in SERPs.",product,10015.62,Low CTR,,,,,3,16
https://demo-store.com/product/nike-running-shoes-585,48663,402,0.008267,4.44,low_ctr,0.07108,0.1163,Low CTR,High,2537,"Position #4.4: actual CTR 0.8% vs 7.1% expected (12% of benchmark). Fixing could add +2,537 clicks/mo. Rewrite title tag. A/B test with numbers and current year. Add structured data. Add review schema for star ratings in SERPs.",product,9685.47,Low CTR,,,,,3,17
https://demo-store.com/product/hoka-cross-training-294,44952,370,0.008241,4.22,low_ctr,0.07504,0.1098,Low CTR,High,2496,"Position #4.2: actual CTR 0.8% vs 7.5% expected (11% of benchmark). Fixing could add +2,496 clicks/mo. Rewrite title tag. A/B test with numbers and current year. Add structured data. Add review schema for star ratings in SERPs.",product,9482.53,Low CTR,,,,,3,18
https://demo-store.com/product/brooks-cycling-shoes-698,39052,1017,0.026062,3.12,low_ctr,0.10452,0.2493,Low CTR,High,2451,"Position #3.1: actual CTR 2.6% vs 10.5% expected (25% of benchmark). Fixing could add +2,451 clicks/mo. Rewrite title tag. A/B test with numbers and current year. Add structured data. Add review schema for star ratings in SERPs.",product,9396.26,Low CTR,,,,,3,19
https://demo-store.com/product/mizuno-football-boots-836,27920,892,0.031973,2.3,low_ctr,0.1388,0.2304,Low CTR,High,2401,"Position #2.3: actual CTR 3.2% vs 13.9% expected (23% of benchmark). Fixing could add +2,401 clicks/mo. CRITICAL: Top 3 but low CTR. Rewrite title with number/power word. Add FAQ schema. Add review schema for star ratings in SERPs.",product,9342.27,Low CTR,,,,,3,20
https://demo-store.com/product/under-armour-casual-shoes-366,30925,871,0.028194,2.58,low_ctr,0.12648,0.2229,Low CTR,High,2452,"Position #2.6: actual CTR 2.8% vs 12.6% expected (22% of benchmark). Fixing could add +2,452 clicks/mo. CRITICAL: Top 3 but low CTR. Rewrite title with number/power word. Add FAQ schema. Add review schema for star ratings in SERPs.",product,9314.66,Low CTR,,,,,3,21
https://demo-store.com/product/adidas-trail-shoes-511,45514,894,0.019661,3.84,low_ctr,0.08364,0.2351,Low CTR,High,2340,"Position #3.8: actual CTR 2.0% vs 8.4% expected (24% of benchmark). Fixing could add +2,340 clicks/mo. Rewrite title tag. A/B test with numbers and current year. Add structured data. Add review schema for star ratings in SERPs.",product,9066.06,Low CTR,,,,,3,22
https://demo-store.com/product/reebok-tennis-shoes-423,39891,842,0.021131,3.45,low_ctr,0.09495,0.2225,Low CTR,High,2376,"Position #3.5: actual CTR 2.1% vs 9.5% expected (22% of benchmark). Fixing could add +2,376 clicks/mo. Rewrite title tag. A/B test with numbers and current year. Add structured data. Add review schema for star ratings in SERPs.",product,8989.93,Low CTR,,,,,3,23
https://demo-store.com/product/puma-basketball-shoes-197,36275,750,0.020687,3.24,low_ctr,0.10104,0.2047,Low CTR,High,2365,"Position #3.2: actual CTR 2.1% vs 10.1% expected (20% of benchmark). Fixing could add +2,365 clicks/mo. Rewrite title tag. A/B test with numbers and current year. Add structured data. Add review schema for star ratings in SERPs.",product,8904.17,Low CTR,,,,,3,24
https://demo-store.com/product/saucony-hiking-boots-127,30627,341,0.011149,3.14,low_ctr,0.10394,0.1073,Low CTR,High,2364,"Position #3.1: actual CTR 1.1% vs 10.4% expected (11% of benchmark). Fixing could add +2,364 clicks/mo. Rewrite title tag. A/B test with numbers and current year. Add structured data. Add review schema for star ratings in SERPs.",product,8707.24,Low CTR,,,,,3,25
https://demo-store.com/product/reebok-tennis-shoes-978,18969,657,0.034649,1.78,low_ctr,0.18104,0.1914,Low CTR,High,2261,"Position #1.8: actual CTR 3.5% vs 18.1% expected (19% of benchmark). Fixing could add +2,261 clicks/mo. CRITICAL: Top 3 but low CTR. Rewrite title with number/power word. Add FAQ schema. Add review schema for star ratings in SERPs.",product,8617.04,Low CTR,,,,,3,26
https://demo-store.com/product/hoka-cross-training-789,32235,1161,0.036047,2.65,low_ctr,0.1234,0.2921,Low CTR,High,2219,"Position #2.6: actual CTR 3.6% vs 12.3% expected (29% of benchmark). Fixing could add +2,219 clicks/mo. CRITICAL: Top 3 but low CTR. Rewrite title with number/power word. Add FAQ schema. Add review schema for star ratings in SERPs.",product,8611.0,Low CTR,,,,,3,27
https://demo-store.com/product/saucony-hiking-boots-352,44659,818,0.018327,4.01,low_ctr,0.07882,0.2325,Low CTR,High,2173,"Position #4.0: actual CTR 1.8% vs 7.9% expected (23% of benchmark). Fixing could add +2,173 clicks/mo. Rewrite title tag. A/B test with numbers and current year. Add structured data. Add review schema for star ratings in SERPs.",product,8547.58,Low CTR,,,,,3,28
https://demo-store.com/product/hoka-cross-training-204,41678,970,0.023291,3.66,low_ctr,0.08886,0.2621,Low CTR,High,2177,"Position #3.7: actual CTR 2.3% vs 8.9% expected (26% of benchmark). Fixing could add +2,177 clicks/mo. Rewrite title tag. A/B test with numbers and current year. Add structured data. Add review schema for star ratings in SERPs.",product,8402.79,Low CTR,,,,,3,29
https://demo-store.com/product/puma-basketball-shoes-767,47769,1051,0.022013,4.33,low_ctr,0.07306,0.3013,Low CTR,High,1914,"Position #4.3: actual CTR 2.2% vs 7.3% expected (30% of benchmark). Fixing could add +1,914 clicks/mo. Rewrite title tag. A/B test with numbers and current year. Add structured data. Add review schema for star ratings in SERPs.",product,7708.13,Low CTR,,,,,3,30
https://demo-store.com/product/asics-walking-shoes-334,37567,391,0.01042,4.22,low_ctr,0.07504,0.1389,Low CTR,High,2004,"Position #4.2: actual CTR 1.0% vs 7.5% expected (14% of benchmark). Fixing could add +2,004 clicks/mo. Rewrite title tag. A/B test with numbers and current year. Add structured data. Add review schema for star ratings in SERPs.",product,7665.63,Low CTR,,,,,3,31
https://demo-store.com/brands/under-armour,41242,815,0.019775,4.1,low_ctr,0.0772,0.2562,Low CTR,High,1890,"Position #4.1: actual CTR 2.0% vs 7.7% expected (26% of benchmark). Fixing could add +1,890 clicks/mo. Rewrite title tag. A/B test with numbers and current year. Add structured data.",brand,7481.9,Low CTR,,,,,3,32
https://demo-store.com/product/altra-badminton-shoes-433,37939,931,0.024543,3.73,low_ctr,0.08683,0.2827,Low CTR,High,1868,"Position #3.7: actual CTR 2.5% vs 8.7% expected (28% of benchmark). Fixing could add +1,868 clicks/mo. Rewrite title tag. A/B test with numbers and current year. Add structured data. Add review schema for star ratings in SERPs.",product,7295.88,Low CTR,,,,,3,33
https://demo-store.com/product/altra-badminton-shoes-868,40554,734,0.018123,4.41,low_ctr,0.07162,0.253,Low CTR,High,1733,"Position #4.4: actual CTR 1.8% vs 7.2% expected (25% of benchmark). Fixing could add +1,733 clicks/mo. Rewrite title tag. A/B test with numbers and current year. Add structured data. Add review schema for star ratings in SERPs.",product,6869.35,Low CTR,,,,,3,34
https://demo-store.com/product/vans-swimming-359,38588,550,0.014276,4.58,low_ctr,0.06856,0.2082,Low CTR,High,1697,"Position #4.6: actual CTR 1.4% vs 6.9% expected (21% of benchmark). Fixing could add +1,697 clicks/mo. Rewrite title tag. A/B test with numbers and current year. Add structured data. Add review schema for star ratings in SERPs.",product,6671.17,Low CTR,,,,,3,35
https://demo-store.com/product/under-armour-casual-shoes-111,38905,686,0.017654,4.4,low_ctr,0.0718,0.2459,Low CTR,High,1687,"Position #4.4: actual CTR 1.8% vs 7.2% expected (25% of benchmark). Fixing could add +1,687 clicks/mo. Rewrite title tag. A/B test with numbers and current year. Add structured data. Add review schema for star ratings in SERPs.",product,6667.79,Low CTR,,,,,3,36
https://demo-store.com/product/vans-swimming-644,17237,538,0.031256,2.06,low_ctr,0.14936,0.2093,Low CTR,High,1649,"Position #2.1: actual CTR 3.1% vs 14.9% expected (21% of benchmark). Fixing could add +1,649 clicks/mo. CRITICAL: Top 3 but low CTR. Rewrite title with number/power word. Add FAQ schema. Add review schema for star ratings in SERPs.",product,6616.16,Low CTR,,,,,3,37
https://demo-store.com/product/new-balance-gym-shoes-605,35438,670,0.018909,4.16,low_ctr,0.07612,0.2484,Low CTR,High,1622,"Position #4.2: actual CTR 1.9% vs 7.6% expected (25% of benchmark). Fixing could add +1,622 clicks/mo. Rewrite title tag. A/B test with numbers and current year. Add structured data. Add review schema for star ratings in SERPs.",product,6402.69,Low CTR,,,,,3,38
https://demo-store.com/product/on-running-cricket-shoes-762,37247,795,0.021364,4.22,low_ctr,0.07504,0.2847,Low CTR,High,1580,"Position #4.2: actual CTR 2.1% vs 7.5% expected (28% of benchmark). Fixing could add +1,580 clicks/mo. Rewrite title tag. A/B test with numbers and current year. Add structured data. Add review schema for star ratings in SERPs.",product,6313.45,Low CTR,,,,,3,39
https://demo-store.com/product/puma-basketball-shoes-842,13510,478,0.035386,1.76,low_ctr,0.18368,0.1927,Low CTR,High,1631,"Position #1.8: actual CTR 3.5% vs 18.4% expected (19% of benchmark). Fixing could add +1,631 clicks/mo. CRITICAL: Top 3 but low CTR. Rewrite title with number/power word. Add FAQ schema. Add review schema for star ratings in SERPs.",product,6196.94,Low CTR,,,,,3,40
https://demo-store.com/product/altra-badminton-shoes-883,41346,901,0.021809,4.64,low_ctr,0.06748,0.3232,Low CTR,High,1469,"Position #4.6: actual CTR 2.2% vs 6.7% expected (32% of benchmark). Fixing could add +1,469 clicks/mo. Rewrite title tag. A/B test with numbers and current year. Add structured data. Add review schema for star ratings in SERPs.",product,6030.81,Low CTR,,,,,3,41
https://demo-store.com/product/nike-running-shoes-690,24381,314,0.012891,3.57,low_ctr,0.09147,0.1409,Low CTR,High,1581,"Position #3.6: actual CTR 1.3% vs 9.1% expected (14% of benchmark). Fixing could add +1,581 clicks/mo. Rewrite title tag. A/B test with numbers and current year. Add structured data. Add review schema for star ratings in SERPs.",product,5867.15,Low CTR,,,,,3,42
https://demo-store.com/product/puma-basketball-shoes-362,28339,617,0.021805,3.7,low_ctr,0.0877,0.2486,Low CTR,High,1494,"Position #3.7: actual CTR 2.2% vs 8.8% expected (25% of benchmark). Fixing could add +1,494 clicks/mo. Rewrite title tag. A/B test with numbers and current year. Add structured data. Add review schema for star ratings in SERPs.",product,5755.11,Low CTR,,,,,3,43
https://demo-store.com/product/new-balance-gym-shoes-665,19990,643,0.032177,2.59,low_ctr,0.12604,0.2553,Low CTR,High,1498,"Position #2.6: actual CTR 3.2% vs 12.6% expected (26% of benchmark). Fixing could add +1,498 clicks/mo. CRITICAL: Top 3 but low CTR. Rewrite title with number/power word. Add FAQ schema. Add review schema for star ratings in SERPs.",product,5747.7,Low CTR,,,,,3,44
https://demo-store.com/product/on-running-cricket-shoes-507,24821,464,0.018711,3.47,low_ctr,0.09437,0.1983,Low CTR,High,1526,"Position #3.5: actual CTR 1.9% vs 9.4% expected (20% of benchmark). Fixing could add +1,526 clicks/mo. Rewrite title tag. A/B test with numbers and current year. Add structured data. Add review schema for star ratings in SERPs.",product,5734.58,Low CTR,,,,,3,45
https://demo-store.com/product/adidas-trail-shoes-781,24028,553,0.023028,3.25,low_ctr,0.10075,0.2286,Low CTR,High,1504,"Position #3.2: actual CTR 2.3% vs 10.1% expected (23% of benchmark). Fixing could add +1,504 clicks/mo. Rewrite title tag. A/B test with numbers and current year. Add structured data. Add review schema for star ratings in SERPs.",product,5703.14,Low CTR,,,,,3,46
https://demo-store.com/product/nike-running-shoes-930,29505,424,0.014377,4.31,low_ctr,0.07342,0.1958,Low CTR,High,1417,"Position #4.3: actual CTR 1.4% vs 7.3% expected (20% of benchmark). Fixing could add +1,417 clicks/mo. Rewrite title tag. A/B test with numbers and current year. Add structured data. Add review schema for star ratings in SERPs.",product,5505.32,Low CTR,,,,,3,47
https://demo-store.com/product/on-running-cricket-shoes-657,30225,521,0.017262,4.25,low_ctr,0.0745,0.2317,Low CTR,High,1392,"Position #4.2: actual CTR 1.7% vs 7.4% expected (23% of benchmark). Fixing could add +1,392 clicks/mo. Rewrite title tag. A/B test with numbers and current year. Add structured data. Add review schema for star ratings in SERPs.",product,5463.97,Low CTR,,,,,3,48
https://demo-store.com/product/under-armour-casual-shoes-606,13961,427,0.030594,2.04,low_ctr,0.15024,0.2036,Low CTR,High,1355,"Position #2.0: actual CTR 3.1% vs 15.0% expected (20% of benchmark). Fixing could add +1,355 clicks/mo. CRITICAL: Top 3 but low CTR. Rewrite title with number/power word. Add FAQ schema. Add review schema for star ratings in SERPs.",product,5450.26,Low CTR,,,,,3,49
https://demo-store.com/product/new-balance-gym-shoes-410,18776,343,0.018271,2.9,low_ctr,0.1124,0.1626,Low CTR,High,1450,"Position #2.9: actual CTR 1.8% vs 11.2% expected (16% of benchmark). Fixing could add +1,450 clicks/mo. CRITICAL: Top 3 but low CTR. Rewrite title with number/power word. Add FAQ schema. Add review schema for star ratings in SERPs.",product,5421.73,Low CTR,,,,,3,50
https://demo-store.com/product/salomon-yoga-565,23915,539,0.022549,3.39,low_ctr,0.09669,0.2332,Low CTR,High,1426,"Position #3.4: actual CTR 2.3% vs 9.7% expected (23% of benchmark). Fixing could add +1,426 clicks/mo. Rewrite title tag. A/B test with numbers and current year. Add structured data. Add review schema for star ratings in SERPs.",product,5409.45,Low CTR,,,,,3,51
https://demo-store.com/product/puma-basketball-shoes-977,34379,650,0.018926,4.61,low_ctr,0.06802,0.2782,Low CTR,High,1337,"Position #4.6: actual CTR 1.9% vs 6.8% expected (28% of benchmark). Fixing could add +1,337 clicks/mo. Rewrite title tag. A/B test with numbers and current year. Add structured data. Add review schema for star ratings in SERPs.",product,5382.81,Low CTR,,,,,3,52
https://demo-store.com/product/nike-running-shoes-285,30788,398,0.012945,4.66,low_ctr,0.06712,0.1929,Low CTR,High,1357,"Position #4.7: actual CTR 1.3% vs 6.7% expected (19% of benchmark). Fixing could add +1,357 clicks/mo. Rewrite title tag. A/B test with numbers and current year. Add structured data. Add review schema for star ratings in SERPs.",product,5332.4,Low CTR,,,,,3,53
https://demo-store.com/product/brooks-cycling-shoes-113,18679,279,0.014982,3.28,low_ctr,0.09988,0.15,Low CTR,High,1305,"Position #3.3: actual CTR 1.5% vs 10.0% expected (15% of benchmark). Fixing could add +1,305 clicks/mo. Rewrite title tag. A/B test with numbers and current year. Add structured data. Add review schema for star ratings in SERPs.",product,4840.59,Low CTR,,,,,3,54
https://demo-store.com/product/puma-basketball-shoes-482,27739,708,0.025548,3.94,low_ctr,0.08074,0.3164,Low CTR,High,1195,"Position #3.9: actual CTR 2.6% vs 8.1% expected (32% of benchmark). Fixing could add +1,195 clicks/mo. Rewrite title tag. A/B test with numbers and current year. Add structured data. Add review schema for star ratings in SERPs.",product,4812.79,Low CTR,,,,,3,55
https://demo-store.com/product/salomon-yoga-970,27806,790,0.028412,3.87,low_ctr,0.08277,0.3433,Low CTR,High,1166,"Position #3.9: actual CTR 2.8% vs 8.3% expected (34% of benchmark). Fixing could add +1,166 clicks/mo. Rewrite title tag. A/B test with numbers and current year. Add structured data. Add review schema for star ratings in SERPs.",product,4718.4,Low CTR,,,,,3,56
https://demo-store.com/product/on-running-cricket-shoes-987,10115,626,0.061923,1.61,low_ctr,0.20348,0.3043,Low CTR,High,1123,"Position #1.6: actual CTR 6.2% vs 20.3% expected (30% of benchmark). Fixing could add +1,123 clicks/mo. CRITICAL: Top 3 but low CTR. Rewrite title with number/power word. Add FAQ schema. Add review schema for star ratings in SERPs.",product,4370.81,Low CTR,,,,,3,57
https://demo-store.com/product/reebok-tennis-shoes-258,26726,357,0.013359,4.84,low_ctr,0.06388,0.2091,Low CTR,High,1094,"Position #4.8: actual CTR 1.3% vs 6.4% expected (21% of benchmark). Fixing could add +1,094 clicks/mo. Rewrite title tag. A/B test with numbers and current year. Add structured data. Add review schema for star ratings in SERPs.",product,4367.27,Low CTR,,,,,3,58
https://demo-store.com/product/on-running-cricket-shoes-582,22361,305,0.013658,4.2,low_ctr,0.0754,0.1811,Low CTR,High,1127,"Position #4.2: actual CTR 1.4% vs 7.5% expected (18% of benchmark). Fixing could add +1,127 clicks/mo. Rewrite title tag. A/B test with numbers and current year. Add structured data. Add review schema for star ratings in SERPs.",product,4359.86,Low CTR,,,,,3,59
https://demo-store.com/product/hoka-cross-training-339,28982,577,0.019913,4.76,low_ctr,0.06532,0.3049,Low CTR,High,1032,"Position #4.8: actual CTR 2.0% vs 6.5% expected (30% of benchmark). Fixing could add +1,032 clicks/mo. Rewrite title tag. A/B test with numbers and current year. Add structured data. Add review schema for star ratings in SERPs.",product,4232.22,Low CTR,,,,,3,60
https://demo-store.com/product/asics-walking-shoes-799,9705,732,0.075512,1.55,low_ctr,0.2114,0.3572,Low CTR,High,1011,"Position #1.6: actual CTR 7.6% vs 21.1% expected (36% of benchmark). Fixing could add +1,011 clicks/mo. CRITICAL: Top 3 but low CTR. Rewrite title with number/power word. Add FAQ schema. Add review schema for star ratings in SERPs.",product,4024.76,Low CTR,,,,,3,61
https://demo-store.com/brands/hoka,33674,858,0.025493,4.94,low_ctr,0.06208,0.4106,Low CTR,High,918,Position #4.9: actual CTR 2.5% vs 6.2% expected (41% of benchmark). Fixing could add +918 clicks/mo. Rewrite title tag. A/B test with numbers and current year. Add structured data.,brand,4017.7,Low CTR,,,,,3,62
https://demo-store.com/product/asics-walking-shoes-409,23220,279,0.01205,4.73,low_ctr,0.06586,0.183,Low CTR,High,1020,"Position #4.7: actual CTR 1.2% vs 6.6% expected (18% of benchmark). Fixing could add +1,020 clicks/mo. Rewrite title tag. A/B test with numbers and current year. Add structured data. Add review schema for star ratings in SERPs.",product,4010.73,Low CTR,,,,,3,63
https://demo-store.com/product/puma-basketball-shoes-692,23580,534,0.02266,4.14,low_ctr,0.07648,0.2963,Low CTR,High,998,Position #4.1: actual CTR 2.3% vs 7.6% expected (30% of benchmark). Fixing could add +998 clicks/mo. Rewrite title tag. A/B test with numbers and current year. Add structured data. Add review schema for star ratings in SERPs.,product,4008.03,Low CTR,,,,,3,64
https://demo-store.com/product/on-running-cricket-shoes-672,12835,279,0.021741,2.66,low_ctr,0.12296,0.1768,Low CTR,High,1062,"Position #2.7: actual CTR 2.2% vs 12.3% expected (18% of benchmark). Fixing could add +1,062 clicks/mo. CRITICAL: Top 3 but low CTR. Rewrite title with number/power word. Add FAQ schema. Add review schema for star ratings in SERPs.",product,3972.09,Low CTR,,,,,3,65
https://demo-store.com/product/vans-swimming-719,14384,553,0.038501,2.64,low_ctr,0.12384,0.3109,Low CTR,High,960,Position #2.6: actual CTR 3.9% vs 12.4% expected (31% of benchmark). Fixing could add +960 clicks/mo. CRITICAL: Top 3 but low CTR. Rewrite title with number/power word. Add FAQ schema. Add review schema for star ratings in SERPs.,product,3754.55,Low CTR,,,,,3,66
https://demo-store.com/product/nike-running-shoes-990,10701,446,0.041754,2.11,low_ctr,0.14716,0.2837,Low CTR,High,891,Position #2.1: actual CTR 4.2% vs 14.7% expected (28% of benchmark). Fixing could add +891 clicks/mo. CRITICAL: Top 3 but low CTR. Rewrite title with number/power word. Add FAQ schema. Add review schema for star ratings in SERPs.,product,3632.76,Low CTR,,,,,3,67
https://demo-store.com/product/on-running-cricket-shoes-267,17974,308,0.01719,4.19,low_ctr,0.07558,0.2274,Low CTR,High,845,Position #4.2: actual CTR 1.7% vs 7.6% expected (23% of benchmark). Fixing could add +845 clicks/mo. Rewrite title tag. A/B test with numbers and current year. Add structured data. Add review schema for star ratings in SERPs.,product,3314.25,Low CTR,,,,,3,68
https://demo-store.com/product/altra-badminton-shoes-763,18443,319,0.017311,4.6,low_ctr,0.0682,0.2538,Low CTR,High,749,Position #4.6: actual CTR 1.7% vs 6.8% expected (25% of benchmark). Fixing could add +749 clicks/mo. Rewrite title tag. A/B test with numbers and current year. Add structured data. Add review schema for star ratings in SERPs.,product,2991.78,Low CTR,,,,,3,69
https://demo-store.com/product/saucony-hiking-boots-862,19290,375,0.019455,4.63,low_ctr,0.06766,0.2875,Low CTR,High,734,Position #4.6: actual CTR 1.9% vs 6.8% expected (29% of benchmark). Fixing could add +734 clicks/mo. Rewrite title tag. A/B test with numbers and current year. Add structured data. Add review schema for star ratings in SERPs.,product,2968.49,Low CTR,,,,,3,70
https://demo-store.com/product/under-armour-casual-shoes-651,10388,152,0.014637,3.07,low_ctr,0.10597,0.1381,Low CTR,High,783,Position #3.1: actual CTR 1.5% vs 10.6% expected (14% of benchmark). Fixing could add +783 clicks/mo. Rewrite title tag. A/B test with numbers and current year. Add structured data. Add review schema for star ratings in SERPs.,product,2916.42,Low CTR,,,,,3,71
https://demo-store.com/product/brooks-cycling-shoes-953,10132,400,0.039561,2.64,low_ctr,0.12384,0.3195,Low CTR,High,665,Position #2.6: actual CTR 4.0% vs 12.4% expected (32% of benchmark). Fixing could add +665 clicks/mo. CRITICAL: Top 3 but low CTR. Rewrite title with number/power word. Add FAQ schema. Add review schema for star ratings in SERPs.,product,2611.68,Low CTR,,,,,3,72
https://demo-store.com/product/vans-swimming-464,13467,288,0.021411,4.14,low_ctr,0.07648,0.28,Low CTR,High,587,Position #4.1: actual CTR 2.1% vs 7.6% expected (28% of benchmark). Fixing could add +587 clicks/mo. Rewrite title tag. A/B test with numbers and current year. Add structured data. Add review schema for star ratings in SERPs.,product,2342.09,Low CTR,,,,,3,73
https://demo-store.com/product/vans-swimming-404,9958,170,0.017092,3.57,low_ctr,0.09147,0.1869,Low CTR,High,604,Position #3.6: actual CTR 1.7% vs 9.1% expected (19% of benchmark). Fixing could add +604 clicks/mo. Rewrite title tag. A/B test with numbers and current year. Add structured data. Add review schema for star ratings in SERPs.,product,2268.03,Low CTR,,,,,3,74
https://demo-store.com/product/new-balance-gym-shoes-275,10092,151,0.014995,3.78,low_ctr,0.08538,0.1756,Low CTR,High,581,Position #3.8: actual CTR 1.5% vs 8.5% expected (18% of benchmark). Fixing could add +581 clicks/mo. Rewrite title tag. A/B test with numbers and current year. Add structured data. Add review schema for star ratings in SERPs.,product,2201.02,Low CTR,,,,,3,75
https://demo-store.com/product/mizuno-football-boots-596,10486,273,0.02608,3.76,low_ctr,0.08596,0.3034,Low CTR,High,492,Position #3.8: actual CTR 2.6% vs 8.6% expected (30% of benchmark). Fixing could add +492 clicks/mo. Rewrite title tag. A/B test with numbers and current year. Add structured data. Add review schema for star ratings in SERPs.,product,1942.7,Low CTR,,,,,3,76
https://demo-store.com/product/brooks-cycling-shoes-728,9621,264,0.027503,3.69,low_ctr,0.08799,0.3126,Low CTR,High,454,Position #3.7: actual CTR 2.8% vs 8.8% expected (31% of benchmark). Fixing could add +454 clicks/mo. Rewrite title tag. A/B test with numbers and current year. Add structured data. Add review schema for star ratings in SERPs.,product,1792.27,Low CTR,,,,,3,77
https://demo-store.com/product/asics-walking-shoes-814,10718,217,0.020268,4.56,low_ctr,0.06892,0.2941,Low CTR,High,410,Position #4.6: actual CTR 2.0% vs 6.9% expected (29% of benchmark). Fixing could add +410 clicks/mo. Rewrite title tag. A/B test with numbers and current year. Add structured data. Add review schema for star ratings in SERPs.,product,1659.17,Low CTR,,,,,3,78
https://demo-store.com/product/salomon-yoga-460,8684,158,0.018308,4.11,low_ctr,0.07702,0.2377,Low CTR,High,409,Position #4.1: actual CTR 1.8% vs 7.7% expected (24% of benchmark). Fixing could add +409 clicks/mo. Rewrite title tag. A/B test with numbers and current year. Add structured data. Add review schema for star ratings in SERPs.,product,1610.66,Low CTR,,,,,3,79
https://demo-store.com/product/vans-swimming-299,10472,178,0.017038,4.95,low_ctr,0.0619,0.2753,Low CTR,High,372,Position #5.0: actual CTR 1.7% vs 6.2% expected (28% of benchmark). Fixing could add +372 clicks/mo. Rewrite title tag. A/B test with numbers and current year. Add structured data. Add review schema for star ratings in SERPs.,product,1533.14,Low CTR,,,,,3,80
https://demo-store.com/category/running-shoes,7702,210,0.027266,9.6,,,,Keyword Cannibalization,High,906,HIGH PRIORITY: 4 pages splitting traffic for 'best running shoes'. Consolidate content into 'https://demo-store.com/category/running-shoes'. 301-redirect or noindex the weaker pages. Add canonical tags pointing to the dominant page.,,,Keyword Cannibalization,best running shoes,4.0,https://demo-store.com/category/running-shoes,22658.0,3,81
https://demo-store.com/sale/new-arrivals,6835,525,0.076811,4.66,,,,Keyword Cannibalization,High,906,HIGH PRIORITY: 4 pages splitting traffic for 'best running shoes'. Consolidate content into 'https://demo-store.com/category/running-shoes'. 301-redirect or noindex the weaker pages. Add canonical tags pointing to the dominant page.,,,Keyword Cannibalization,best running shoes,4.0,https://demo-store.com/category/running-shoes,22658.0,3,82
https://demo-store.com/collection/mens-running,4649,181,0.038933,6.05,,,,Keyword Cannibalization,High,906,HIGH PRIORITY: 4 pages splitting traffic for 'best running shoes'. Consolidate content into 'https://demo-store.com/category/running-shoes'. 301-redirect or noindex the weaker pages. Add canonical tags pointing to the dominant page.,,,Keyword Cannibalization,best running shoes,4.0,https://demo-store.com/category/running-shoes,22658.0,3,83
https://demo-store.com/blog/best-running-shoes-2024,3472,158,0.045507,6.75,,,,Keyword Cannibalization,High,906,HIGH PRIORITY: 4 pages splitting traffic for 'best running shoes'. Consolidate content into 'https://demo-store.com/category/running-shoes'. 301-redirect or noindex the weaker pages. Add canonical tags pointing to the dominant page.,,,Keyword Cannibalization,best running shoes,4.0,https://demo-store.com/category/running-shoes,22658.0,3,84
https://demo-store.com/blog/nike-vs-adidas,7884,240,0.030441,8.68,,,,Keyword Cannibalization,High,836,HIGH PRIORITY: 3 pages splitting traffic for 'nike running shoes'. Consolidate content into 'https://demo-store.com/blog/nike-vs-adidas'. 301-redirect or noindex the weaker pages. Add canonical tags pointing to the dominant page.,,,Keyword Cannibalization,nike running shoes,3.0,https://demo-store.com/blog/nike-vs-adidas,20921.0,3,85
https://demo-store.com/category/running-shoes,7313,491,0.067141,5.61,,,,Keyword Cannibalization,High,836,HIGH PRIORITY: 3 pages splitting traffic for 'nike running shoes'. Consolidate content into 'https://demo-store.com/blog/nike-vs-adidas'. 301-redirect or noindex the weaker pages. Add canonical tags pointing to the dominant page.,,,Keyword Cannibalization,nike running shoes,3.0,https://demo-store.com/blog/nike-vs-adidas,20921.0,3,86
https://demo-store.com/brands/nike,5724,111,0.019392,9.32,,,,Keyword Cannibalization,High,836,HIGH PRIORITY: 3 pages splitting traffic for 'nike running shoes'. Consolidate content into 'https://demo-store.com/blog/nike-vs-adidas'. 301-redirect or noindex the weaker pages. Add canonical tags pointing to the dominant page.,,,Keyword Cannibalization,nike running shoes,3.0,https://demo-store.com/blog/nike-vs-adidas,20921.0,3,87
https://demo-store.com/category/trail-shoes,7785,494,0.063455,4.09,,,,Keyword Cannibalization,High,810,HIGH PRIORITY: 3 pages splitting traffic for 'trail running shoes'. Consolidate content into 'https://demo-store.com/category/trail-shoes'. 301-redirect or noindex the weaker pages. Add canonical tags pointing to the dominant page.,,,Keyword Cannibalization,trail running shoes,3.0,https://demo-store.com/category/trail-shoes,20267.0,3,88
https://demo-store.com/blog/top-trail-shoes-review,6291,385,0.061199,5.86,,,,Keyword Cannibalization,High,810,HIGH PRIORITY: 3 pages splitting traffic for 'trail running shoes'. Consolidate content into 'https://demo-store.com/category/trail-shoes'. 301-redirect or noindex the weaker pages. Add canonical tags pointing to the dominant page.,,,Keyword Cannibalization,trail running shoes,3.0,https://demo-store.com/category/trail-shoes,20267.0,3,89
https://demo-store.com/brands/salomon,6191,175,0.028267,8.22,,,,Keyword Cannibalization,High,810,HIGH PRIORITY: 3 pages splitting traffic for 'trail running shoes'. Consolidate content into 'https://demo-store.com/category/trail-shoes'. 301-redirect or noindex the weaker pages. Add canonical tags pointing to the dominant page.,,,Keyword Cannibalization,trail running shoes,3.0,https://demo-store.com/category/trail-shoes,20267.0,3,90
https://demo-store.com/sale/flash-sale,7981,503,0.063025,5.5,,,,Keyword Cannibalization,High,761,HIGH PRIORITY: 3 pages splitting traffic for 'cheap running shoes'. Consolidate content into 'https://demo-store.com/sale/flash-sale'. 301-redirect or noindex the weaker pages. Add canonical tags pointing to the dominant page.,,,Keyword Cannibalization,cheap running shoes,3.0,https://demo-store.com/sale/flash-sale,19043.0,3,91
https://demo-store.com/blog/best-budget-running-shoes,7833,403,0.051449,4.44,,,,Keyword Cannibalization,High,761,HIGH PRIORITY: 3 pages splitting traffic for 'cheap running shoes'. Consolidate content into 'https://demo-store.com/sale/flash-sale'. 301-redirect or noindex the weaker pages. Add canonical tags pointing to the dominant page.,,,Keyword Cannibalization,cheap running shoes,3.0,https://demo-store.com/sale/flash-sale,19043.0,3,92
https://demo-store.com/sale/clearance,3229,91,0.028182,7.79,,,,Keyword Cannibalization,High,761,HIGH PRIORITY: 3 pages splitting traffic for 'cheap running shoes'. Consolidate content into 'https://demo-store.com/sale/flash-sale'. 301-redirect or noindex the weaker pages. Add canonical tags pointing to the dominant page.,,,Keyword Cannibalization,cheap running shoes,3.0,https://demo-store.com/sale/flash-sale,19043.0,3,93
https://demo-store.com/product/new-balance-gym-shoes-170,48178,460,0.009567,5.36,low_ctr,0.05704,0.1677,Low CTR,Medium,1874,"Position #5.4: actual CTR 1.0% vs 5.7% expected (17% of benchmark). Fixing could add +1,874 clicks/mo. Rewrite title tag. A/B test with numbers and current year. Add structured data. Add review schema for star ratings in SERPs.",product,7481.07,Low CTR,,,,,2,94
https://demo-store.com/product/reebok-tennis-shoes-468,49002,682,0.013937,5.07,low_ctr,0.06023,0.2314,Low CTR,Medium,1825,"Position #5.1: actual CTR 1.4% vs 6.0% expected (23% of benchmark). Fixing could add +1,825 clicks/mo. Rewrite title tag. A/B test with numbers and current year. Add structured data. Add review schema for star ratings in SERPs.",product,7428.59,Low CTR,,,,,2,95
https://demo-store.com/product/under-armour-casual-shoes-411,45877,337,0.007365,5.87,low_ctr,0.05143,0.1432,Low CTR,Medium,1667,"Position #5.9: actual CTR 0.7% vs 5.1% expected (14% of benchmark). Fixing could add +1,667 clicks/mo. Rewrite title tag. A/B test with numbers and current year. Add structured data. Add review schema for star ratings in SERPs.",product,6696.32,Low CTR,,,,,2,96
https://demo-store.com/product/on-running-cricket-shoes-552,39502,320,0.008111,5.11,low_ctr,0.05979,0.1357,Low CTR,Medium,1687,"Position #5.1: actual CTR 0.8% vs 6.0% expected (14% of benchmark). Fixing could add +1,687 clicks/mo. Rewrite title tag. A/B test with numbers and current year. Add structured data. Add review schema for star ratings in SERPs.",product,6681.33,Low CTR,,,,,2,97
https://demo-store.com/sale/flash-sale,41251,412,0.010005,5.17,low_ctr,0.05913,0.1692,Low CTR,Medium,1660,"Position #5.2: actual CTR 1.0% vs 5.9% expected (17% of benchmark). Fixing could add +1,660 clicks/mo. Rewrite title tag. A/B test with numbers and current year. Add structured data. Add urgency/discount % to title tag.",sale,6628.88,Low CTR,,,,,2,98
https://demo-store.com/product/saucony-hiking-boots-547,47544,744,0.015649,5.31,low_ctr,0.05759,0.2717,Low CTR,Medium,1583,"Position #5.3: actual CTR 1.6% vs 5.8% expected (27% of benchmark). Fixing could add +1,583 clicks/mo. Rewrite title tag. A/B test with numbers and current year. Add structured data. Add review schema for star ratings in SERPs.",product,6520.96,Low CTR,,,,,2,99
https://demo-store.com/product/vans-swimming-104,44272,617,0.013959,5.24,low_ctr,0.05836,0.2392,Low CTR,Medium,1578,"Position #5.2: actual CTR 1.4% vs 5.8% expected (24% of benchmark). Fixing could add +1,578 clicks/mo. Rewrite title tag. A/B test with numbers and current year. Add structured data. Add review schema for star ratings in SERPs.",product,6427.89,Low CTR,,,,,2,100
https://demo-store.com/product/new-balance-gym-shoes-455,45029,833,0.018512,5.03,low_ctr,0.06067,0.3051,Low CTR,Medium,1488,"Position #5.0: actual CTR 1.9% vs 6.1% expected (31% of benchmark). Fixing could add +1,488 clicks/mo. Rewrite title tag. A/B test with numbers and current year. Add structured data. Add review schema for star ratings in SERPs.",product,6220.81,Low CTR,,,,,2,101
https://demo-store.com/blog/shoe-size-guide,47019,633,0.013473,5.72,low_ctr,0.05308,0.2538,Low CTR,Medium,1487,"Position #5.7: actual CTR 1.3% vs 5.3% expected (25% of benchmark). Fixing could add +1,487 clicks/mo. Rewrite title tag. A/B test with numbers and current year. Add structured data. Add FAQ schema for expanded SERP presence.",blog,6133.84,Low CTR,,,,,2,102
https://demo-store.com/product/on-running-cricket-shoes-237,47094,375,0.007972,6.37,low_ctr,0.0463,0.1722,Low CTR,Medium,1477,"Position #6.4: actual CTR 0.8% vs 4.6% expected (17% of benchmark). Fixing could add +1,477 clicks/mo. Improve title relevance. Ensure meta description matches search intent exactly. Add review schema for star ratings in SERPs.",product,6120.0,Low CTR,,,,,2,103
https://demo-store.com/product/mizuno-football-boots-386,49984,615,0.012309,6.17,low_ctr,0.0483,0.2548,Low CTR,Medium,1436,"Position #6.2: actual CTR 1.2% vs 4.8% expected (25% of benchmark). Fixing could add +1,436 clicks/mo. Improve title relevance. Ensure meta description matches search intent exactly. Add review schema for star ratings in SERPs.",product,6036.97,Low CTR,,,,,2,104
https://demo-store.com/brands/nike,44943,449,0.01001,5.97,low_ctr,0.05033,0.1989,Low CTR,Medium,1472,"Position #6.0: actual CTR 1.0% vs 5.0% expected (20% of benchmark). Fixing could add +1,472 clicks/mo. Rewrite title tag. A/B test with numbers and current year. Add structured data.",brand,6030.79,Low CTR,,,,,2,105
https://demo-store.com/product/reebok-tennis-shoes-948,43392,476,0.010974,5.79,low_ctr,0.05231,0.2098,Low CTR,Medium,1453,"Position #5.8: actual CTR 1.1% vs 5.2% expected (21% of benchmark). Fixing could add +1,453 clicks/mo. Rewrite title tag. A/B test with numbers and current year. Add structured data. Add review schema for star ratings in SERPs.",product,5922.0,Low CTR,,,,,2,106
https://demo-store.com/product/altra-badminton-shoes-688,41790,760,0.018188,5.19,low_ctr,0.05891,0.3087,Low CTR,Medium,1332,"Position #5.2: actual CTR 1.8% vs 5.9% expected (31% of benchmark). Fixing could add +1,332 clicks/mo. Rewrite title tag. A/B test with numbers and current year. Add structured data. Add review schema for star ratings in SERPs.",product,5566.36,Low CTR,,,,,2,107
https://demo-store.com/blog/track-vs-road-shoes,39422,404,0.010264,5.8,low_ctr,0.0522,0.1966,Low CTR,Medium,1344,"Position #5.8: actual CTR 1.0% vs 5.2% expected (20% of benchmark). Fixing could add +1,344 clicks/mo. Rewrite title tag. A/B test with numbers and current year. Add structured data. Add FAQ schema for expanded SERP presence.",blog,5460.63,Low CTR,,,,,2,108
https://demo-store.com/product/salomon-yoga-310,40464,492,0.012169,5.74,low_ctr,0.05286,0.2302,Low CTR,Medium,1325,"Position #5.7: actual CTR 1.2% vs 5.3% expected (23% of benchmark). Fixing could add +1,325 clicks/mo. Rewrite title tag. A/B test with numbers and current year. Add structured data. Add review schema for star ratings in SERPs.",product,5426.69,Low CTR,,,,,2,109
https://demo-store.com/product/reebok-tennis-shoes-618,47518,466,0.009814,6.8,low_ctr,0.042,0.2337,Low CTR,Medium,1230,"Position #6.8: actual CTR 1.0% vs 4.2% expected (23% of benchmark). Fixing could add +1,230 clicks/mo. Improve title relevance. Ensure meta description matches search intent exactly. Add review schema for star ratings in SERPs.",product,5354.86,Low CTR,,,,,2,110
https://demo-store.com/product/hoka-cross-training-309,41032,861,0.020986,5.1,low_ctr,0.0599,0.3504,Low CTR,Medium,1228,"Position #5.1: actual CTR 2.1% vs 6.0% expected (35% of benchmark). Fixing could add +1,228 clicks/mo. Rewrite title tag. A/B test with numbers and current year. Add structured data. Add review schema for star ratings in SERPs.",product,5226.35,Low CTR,,,,,2,111
https://demo-store.com/product/new-balance-gym-shoes-920,38404,296,0.007726,6.21,low_ctr,0.0479,0.1613,Low CTR,Medium,1266,"Position #6.2: actual CTR 0.8% vs 4.8% expected (16% of benchmark). Fixing could add +1,266 clicks/mo. Improve title relevance. Ensure meta description matches search intent exactly. Add review schema for star ratings in SERPs.",product,5186.7,Low CTR,,,,,2,112
https://demo-store.com/product/nike-running-shoes-675,35901,290,0.008093,5.88,low_ctr,0.05132,0.1577,Low CTR,Medium,1275,"Position #5.9: actual CTR 0.8% vs 5.1% expected (16% of benchmark). Fixing could add +1,275 clicks/mo. Rewrite title tag. A/B test with numbers and current year. Add structured data. Add review schema for star ratings in SERPs.",product,5142.76,Low CTR,,,,,2,113
https://demo-store.com/product/puma-basketball-shoes-662,32712,385,0.011796,5.48,low_ctr,0.05572,0.2117,Low CTR,Medium,1163,"Position #5.5: actual CTR 1.2% vs 5.6% expected (21% of benchmark). Fixing could add +1,163 clicks/mo. Rewrite title tag. A/B test with numbers and current year. Add structured data. Add review schema for star ratings in SERPs.",product,4705.63,Low CTR,,,,,2,114
https://demo-store.com/product/brooks-cycling-shoes-788,44642,342,0.007662,7.5,low_ctr,0.036,0.2128,Low CTR,Medium,1023,"Position #7.5: actual CTR 0.8% vs 3.6% expected (21% of benchmark). Fixing could add +1,023 clicks/mo. Improve title relevance. Ensure meta description matches search intent exactly. Add review schema for star ratings in SERPs.",product,4685.62,Low CTR,,,,,2,115
https://demo-store.com/product/nike-running-shoes-195,32935,567,0.017223,5.08,low_ctr,0.06012,0.2865,Low CTR,Medium,1115,"Position #5.1: actual CTR 1.7% vs 6.0% expected (29% of benchmark). Fixing could add +1,115 clicks/mo. Rewrite title tag. A/B test with numbers and current year. Add structured data. Add review schema for star ratings in SERPs.",product,4625.81,Low CTR,,,,,2,116
https://demo-store.com/category/cricket-shoes,32714,373,0.011414,5.63,low_ctr,0.05407,0.2111,Low CTR,Medium,1130,"Position #5.6: actual CTR 1.1% vs 5.4% expected (21% of benchmark). Fixing could add +1,130 clicks/mo. Rewrite title tag. A/B test with numbers and current year. Add structured data.",category,4584.03,Low CTR,,,,,2,117
https://demo-store.com/product/adidas-trail-shoes-886,42911,353,0.008239,7.45,low_ctr,0.0364,0.2263,Low CTR,Medium,974,Position #7.5: actual CTR 0.8% vs 3.6% expected (23% of benchmark). Fixing could add +974 clicks/mo. Improve title relevance. Ensure meta description matches search intent exactly. Add review schema for star ratings in SERPs.,product,4456.41,Low CTR,,,,,2,118
https://demo-store.com/product/reebok-tennis-shoes-303,39944,521,0.013051,6.44,low_ctr,0.0456,0.2862,Low CTR,Medium,1026,"Position #6.4: actual CTR 1.3% vs 4.6% expected (29% of benchmark). Fixing could add +1,026 clicks/mo. Improve title relevance. Ensure meta description matches search intent exactly. Add review schema for star ratings in SERPs.",product,4427.33,Low CTR,,,,,2,119
https://demo-store.com/product/nike-running-shoes-120,38791,460,0.011876,6.7,low_ctr,0.043,0.2762,Low CTR,Medium,957,Position #6.7: actual CTR 1.2% vs 4.3% expected (28% of benchmark). Fixing could add +957 clicks/mo. Improve title relevance. Ensure meta description matches search intent exactly. Add review schema for star ratings in SERPs.,product,4190.59,Low CTR,,,,,2,120
https://demo-store.com/product/asics-walking-shoes-364,31220,523,0.016756,5.42,low_ctr,0.05638,0.2972,Low CTR,Medium,973,Position #5.4: actual CTR 1.7% vs 5.6% expected (30% of benchmark). Fixing could add +973 clicks/mo. Rewrite title tag. A/B test with numbers and current year. Add structured data. Add review schema for star ratings in SERPs.,product,4048.23,Low CTR,,,,,2,121
https://demo-store.com/product/hoka-cross-training-879,32952,242,0.007357,6.86,low_ctr,0.0414,0.1777,Low CTR,Medium,917,Position #6.9: actual CTR 0.7% vs 4.1% expected (18% of benchmark). Fixing could add +917 clicks/mo. Improve title relevance. Ensure meta description matches search intent exactly. Add review schema for star ratings in SERPs.,product,3949.92,Low CTR,,,,,2,122
https://demo-store.com/product/reebok-tennis-shoes-783,36849,386,0.010482,7.14,low_ctr,0.03888,0.2696,Low CTR,Medium,831,Position #7.1: actual CTR 1.0% vs 3.9% expected (27% of benchmark). Fixing could add +831 clicks/mo. Improve title relevance. Ensure meta description matches search intent exactly. Add review schema for star ratings in SERPs.,product,3769.54,Low CTR,,,,,2,123
https://demo-store.com/product/asics-walking-shoes-199,24786,336,0.013573,5.09,low_ctr,0.06001,0.2262,Low CTR,Medium,927,Position #5.1: actual CTR 1.4% vs 6.0% expected (23% of benchmark). Fixing could add +927 clicks/mo. Rewrite title tag. A/B test with numbers and current year. Add structured data. Add review schema for star ratings in SERPs.,product,3768.06,Low CTR,,,,,2,124
https://demo-store.com/product/brooks-cycling-shoes-743,34423,431,0.012537,6.63,low_ctr,0.0437,0.2869,Low CTR,Medium,847,Position #6.6: actual CTR 1.3% vs 4.4% expected (29% of benchmark). Fixing could add +847 clicks/mo. Improve title relevance. Ensure meta description matches search intent exactly. Add review schema for star ratings in SERPs.,product,3702.42,Low CTR,,,,,2,125
https://demo-store.com/product/on-running-cricket-shoes-627,31157,266,0.00856,6.86,low_ctr,0.0414,0.2068,Low CTR,Medium,829,Position #6.9: actual CTR 0.9% vs 4.1% expected (21% of benchmark). Fixing could add +829 clicks/mo. Improve title relevance. Ensure meta description matches search intent exactly. Add review schema for star ratings in SERPs.,product,3602.58,Low CTR,,,,,2,126
https://demo-store.com/product/under-armour-casual-shoes-141,37193,352,0.009474,7.78,low_ctr,0.03376,0.2806,Low CTR,Medium,714,Position #7.8: actual CTR 0.9% vs 3.4% expected (28% of benchmark). Fixing could add +714 clicks/mo. Improve title relevance. Ensure meta description matches search intent exactly. Add review schema for star ratings in SERPs.,product,3439.16,Low CTR,,,,,2,127
https://demo-store.com/product/altra-badminton-shoes-823,31116,160,0.005146,7.77,low_ctr,0.03384,0.1521,Low CTR,Medium,734,Position #7.8: actual CTR 0.5% vs 3.4% expected (15% of benchmark). Fixing could add +734 clicks/mo. Improve title relevance. Ensure meta description matches search intent exactly. Add review schema for star ratings in SERPs.,product,3395.53,Low CTR,,,,,2,128
https://demo-store.com/product/adidas-trail-shoes-181,31981,244,0.007646,7.45,low_ctr,0.0364,0.2101,Low CTR,Medium,744,Position #7.5: actual CTR 0.8% vs 3.6% expected (21% of benchmark). Fixing could add +744 clicks/mo. Improve title relevance. Ensure meta description matches search intent exactly. Add review schema for star ratings in SERPs.,product,3390.84,Low CTR,,,,,2,129
https://demo-store.com/product/saucony-hiking-boots-787,26617,297,0.011165,6.08,low_ctr,0.0492,0.2269,Low CTR,Medium,815,Position #6.1: actual CTR 1.1% vs 4.9% expected (23% of benchmark). Fixing could add +815 clicks/mo. Improve title relevance. Ensure meta description matches search intent exactly. Add review schema for star ratings in SERPs.,product,3384.47,Low CTR,,,,,2,130
https://demo-store.com/product/nike-running-shoes-315,25175,289,0.011481,5.91,low_ctr,0.05099,0.2252,Low CTR,Medium,802,Position #5.9: actual CTR 1.1% vs 5.1% expected (23% of benchmark). Fixing could add +802 clicks/mo. Rewrite title tag. A/B test with numbers and current year. Add structured data. Add review schema for star ratings in SERPs.,product,3300.44,Low CTR,,,,,2,131
https://demo-store.com/product/on-running-cricket-shoes-777,24724,251,0.010164,5.99,low_ctr,0.05011,0.2028,Low CTR,Medium,801,Position #6.0: actual CTR 1.0% vs 5.0% expected (20% of benchmark). Fixing could add +801 clicks/mo. Rewrite title tag. A/B test with numbers and current year. Add structured data. Add review schema for star ratings in SERPs.,product,3290.48,Low CTR,,,,,2,132
https://demo-store.com/blog/best-adidas-shoes-2024,25236,152,0.006061,6.7,low_ctr,0.043,0.141,Low CTR,Medium,769,Position #6.7: actual CTR 0.6% vs 4.3% expected (14% of benchmark). Fixing could add +769 clicks/mo. Improve title relevance. Ensure meta description matches search intent exactly. Add FAQ schema for expanded SERP presence.,blog,3235.48,Low CTR,,,,,2,133
https://demo-store.com/product/altra-badminton-shoes-283,24258,167,0.006905,6.55,low_ctr,0.0445,0.1552,Low CTR,Medium,750,Position #6.5: actual CTR 0.7% vs 4.5% expected (16% of benchmark). Fixing could add +750 clicks/mo. Improve title relevance. Ensure meta description matches search intent exactly. Add review schema for star ratings in SERPs.,product,3128.73,Low CTR,,,,,2,134
https://demo-store.com/product/under-armour-casual-shoes-96,27847,510,0.018321,5.9,low_ctr,0.0511,0.3585,Low CTR,Medium,699,Position #5.9: actual CTR 1.8% vs 5.1% expected (36% of benchmark). Fixing could add +699 clicks/mo. Rewrite title tag. A/B test with numbers and current year. Add structured data. Add review schema for star ratings in SERPs.,product,3027.77,Low CTR,,,,,2,135
https://demo-store.com/product/reebok-tennis-shoes-183,24040,341,0.014196,5.86,low_ctr,0.05154,0.2754,Low CTR,Medium,711,Position #5.9: actual CTR 1.4% vs 5.2% expected (28% of benchmark). Fixing could add +711 clicks/mo. Rewrite title tag. A/B test with numbers and current year. Add structured data. Add review schema for star ratings in SERPs.,product,2972.59,Low CTR,,,,,2,136
https://demo-store.com/product/vans-swimming-629,25527,163,0.006407,7.31,low_ctr,0.03752,0.1708,Low CTR,Medium,650,Position #7.3: actual CTR 0.6% vs 3.8% expected (17% of benchmark). Fixing could add +650 clicks/mo. Improve title relevance. Ensure meta description matches search intent exactly. Add review schema for star ratings in SERPs.,product,2895.62,Low CTR,,,,,2,137
https://demo-store.com/product/mizuno-football-boots-176,22928,280,0.012218,6.05,low_ctr,0.0495,0.2468,Low CTR,Medium,684,Position #6.0: actual CTR 1.2% vs 5.0% expected (25% of benchmark). Fixing could add +684 clicks/mo. Improve title relevance. Ensure meta description matches search intent exactly. Add review schema for star ratings in SERPs.,product,2854.44,Low CTR,,,,,2,138
https://demo-store.com/product/mizuno-football-boots-971,27663,188,0.00681,7.82,low_ctr,0.03344,0.2036,Low CTR,Medium,597,Position #7.8: actual CTR 0.7% vs 3.3% expected (20% of benchmark). Fixing could add +597 clicks/mo. Improve title relevance. Ensure meta description matches search intent exactly. Add review schema for star ratings in SERPs.,product,2817.24,Low CTR,,,,,2,139
https://demo-store.com/product/reebok-tennis-shoes-243,27314,577,0.02113,5.86,low_ctr,0.05154,0.41,Low CTR,Medium,619,Position #5.9: actual CTR 2.1% vs 5.2% expected (41% of benchmark). Fixing could add +619 clicks/mo. Rewrite title tag. A/B test with numbers and current year. Add structured data. Add review schema for star ratings in SERPs.,product,2750.04,Low CTR,,,,,2,140
https://demo-store.com/product/asics-walking-shoes-439,28856,440,0.015264,6.82,low_ctr,0.0418,0.3652,Low CTR,Medium,584,Position #6.8: actual CTR 1.5% vs 4.2% expected (37% of benchmark). Fixing could add +584 clicks/mo. Improve title relevance. Ensure meta description matches search intent exactly. Add review schema for star ratings in SERPs.,product,2685.89,Low CTR,,,,,2,141
https://demo-store.com/product/hoka-cross-training-84,23000,212,0.009228,6.83,low_ctr,0.0417,0.2213,Low CTR,Medium,602,Position #6.8: actual CTR 0.9% vs 4.2% expected (22% of benchmark). Fixing could add +602 clicks/mo. Improve title relevance. Ensure meta description matches search intent exactly. Add review schema for star ratings in SERPs.,product,2622.27,Low CTR,,,,,2,142
https://demo-store.com/product/brooks-cycling-shoes-878,19665,301,0.015332,5.47,low_ctr,0.05583,0.2746,Low CTR,Medium,631,Position #5.5: actual CTR 1.5% vs 5.6% expected (27% of benchmark). Fixing could add +631 clicks/mo. Rewrite title tag. A/B test with numbers and current year. Add structured data. Add review schema for star ratings in SERPs.,product,2607.86,Low CTR,,,,,2,143
https://demo-store.com/product/hoka-cross-training-234,7934,354,0.044652,2.41,low_ctr,0.13396,0.3333,Low CTR,Medium,549,Position #2.4: actual CTR 4.5% vs 13.4% expected (33% of benchmark). Fixing could add +549 clicks/mo. CRITICAL: Top 3 but low CTR. Rewrite title with number/power word. Add FAQ schema. Add review schema for star ratings in SERPs.,product,2194.85,Low CTR,,,,,2,144
https://demo-store.com/product/under-armour-casual-shoes-246,18473,143,0.007749,7.06,low_ctr,0.03952,0.1961,Low CTR,Medium,477,Position #7.1: actual CTR 0.8% vs 4.0% expected (20% of benchmark). Fixing could add +477 clicks/mo. Improve title relevance. Ensure meta description matches search intent exactly. Add review schema for star ratings in SERPs.,product,2103.46,Low CTR,,,,,2,145
https://demo-store.com/product/altra-badminton-shoes-448,16071,118,0.007402,6.41,low_ctr,0.0459,0.1613,Low CTR,Medium,508,Position #6.4: actual CTR 0.7% vs 4.6% expected (16% of benchmark). Fixing could add +508 clicks/mo. Improve title relevance. Ensure meta description matches search intent exactly. Add review schema for star ratings in SERPs.,product,2102.77,Low CTR,,,,,2,146
https://demo-store.com/product/saucony-hiking-boots-112,19203,208,0.010861,6.96,low_ctr,0.0404,0.2688,Low CTR,Medium,450,Position #7.0: actual CTR 1.1% vs 4.0% expected (27% of benchmark). Fixing could add +450 clicks/mo. Improve title relevance. Ensure meta description matches search intent exactly. Add review schema for star ratings in SERPs.,product,2017.42,Low CTR,,,,,2,147
https://demo-store.com/product/hoka-cross-training-519,14025,92,0.006593,6.26,low_ctr,0.0474,0.1391,Low CTR,Medium,472,Position #6.3: actual CTR 0.7% vs 4.7% expected (14% of benchmark). Fixing could add +472 clicks/mo. Improve title relevance. Ensure meta description matches search intent exactly. Add review schema for star ratings in SERPs.,product,1928.77,Low CTR,,,,,2,148
https://demo-store.com/blog/best-shoes-for-marathon,17008,133,0.007875,7.12,low_ctr,0.03904,0.2017,Low CTR,Medium,430,Position #7.1: actual CTR 0.8% vs 3.9% expected (20% of benchmark). Fixing could add +430 clicks/mo. Improve title relevance. Ensure meta description matches search intent exactly. Add FAQ schema for expanded SERP presence.,blog,1906.95,Low CTR,,,,,2,149
https://demo-store.com/brands/on-running,20261,205,0.010122,7.82,low_ctr,0.03344,0.3027,Low CTR,Medium,370,Position #7.8: actual CTR 1.0% vs 3.3% expected (30% of benchmark). Fixing could add +370 clicks/mo. Improve title relevance. Ensure meta description matches search intent exactly.,brand,1806.65,Low CTR,,,,,2,150
https://demo-store.com/product/vans-swimming-269,13003,118,0.009124,5.96,low_ctr,0.05044,0.1809,Low CTR,Medium,438,Position #6.0: actual CTR 0.9% vs 5.0% expected (18% of benchmark). Fixing could add +438 clicks/mo. Rewrite title tag. A/B test with numbers and current year. Add structured data. Add review schema for star ratings in SERPs.,product,1787.04,Low CTR,,,,,2,151
https://demo-store.com/product/under-armour-casual-shoes-531,18938,160,0.008466,7.94,low_ctr,0.03248,0.2607,Low CTR,Medium,362,Position #7.9: actual CTR 0.8% vs 3.2% expected (26% of benchmark). Fixing could add +362 clicks/mo. Improve title relevance. Ensure meta description matches search intent exactly. Add review schema for star ratings in SERPs.,product,1763.33,Low CTR,,,,,2,152
https://demo-store.com/product/vans-swimming-659,16316,98,0.006053,7.83,low_ctr,0.03336,0.1814,Low CTR,Medium,363,Position #7.8: actual CTR 0.6% vs 3.3% expected (18% of benchmark). Fixing could add +363 clicks/mo. Improve title relevance. Ensure meta description matches search intent exactly. Add review schema for star ratings in SERPs.,product,1705.78,Low CTR,,,,,2,153
https://demo-store.com/product/nike-running-shoes-795,11671,102,0.008803,5.71,low_ctr,0.05319,0.1655,Low CTR,Medium,424,Position #5.7: actual CTR 0.9% vs 5.3% expected (17% of benchmark). Fixing could add +424 clicks/mo. Rewrite title tag. A/B test with numbers and current year. Add structured data. Add review schema for star ratings in SERPs.,product,1705.68,Low CTR,,,,,2,154
https://demo-store.com/product/nike-running-shoes-105,12671,152,0.012058,5.76,low_ctr,0.05264,0.2291,Low CTR,Medium,414,Position #5.8: actual CTR 1.2% vs 5.3% expected (23% of benchmark). Fixing could add +414 clicks/mo. Rewrite title tag. A/B test with numbers and current year. Add structured data. Add review schema for star ratings in SERPs.,product,1695.85,Low CTR,,,,,2,155
https://demo-store.com/product/saucony-hiking-boots-772,12712,250,0.019714,5.18,low_ctr,0.05902,0.334,Low CTR,Medium,387,Position #5.2: actual CTR 2.0% vs 5.9% expected (33% of benchmark). Fixing could add +387 clicks/mo. Rewrite title tag. A/B test with numbers and current year. Add structured data. Add review schema for star ratings in SERPs.,product,1634.4,Low CTR,,,,,2,156
https://demo-store.com/product/brooks-cycling-shoes-338,17551,281,0.016029,6.81,low_ctr,0.0419,0.3826,Low CTR,Medium,343,Position #6.8: actual CTR 1.6% vs 4.2% expected (38% of benchmark). Fixing could add +343 clicks/mo. Improve title relevance. Ensure meta description matches search intent exactly. Add review schema for star ratings in SERPs.,product,1591.19,Low CTR,,,,,2,157
https://demo-store.com/product/nike-running-shoes-150,4130,129,0.031392,2.1,low_ctr,0.1476,0.2127,Low CTR,Medium,388,Position #2.1: actual CTR 3.1% vs 14.8% expected (21% of benchmark). Fixing could add +388 clicks/mo. CRITICAL: Top 3 but low CTR. Rewrite title with number/power word. Add FAQ schema. Add review schema for star ratings in SERPs.,product,1548.36,Low CTR,,,,,2,158
https://demo-store.com/product/puma-basketball-shoes-542,12171,88,0.007255,6.64,low_ctr,0.0436,0.1664,Low CTR,Medium,362,Position #6.6: actual CTR 0.7% vs 4.4% expected (17% of benchmark). Fixing could add +362 clicks/mo. Improve title relevance. Ensure meta description matches search intent exactly. Add review schema for star ratings in SERPs.,product,1527.97,Low CTR,,,,,2,159
https://demo-store.com/product/adidas-trail-shoes-766,13955,100,0.007214,7.82,low_ctr,0.03344,0.2157,Low CTR,Medium,295,Position #7.8: actual CTR 0.7% vs 3.3% expected (22% of benchmark). Fixing could add +295 clicks/mo. Improve title relevance. Ensure meta description matches search intent exactly. Add review schema for star ratings in SERPs.,product,1399.6,Low CTR,,,,,2,160
https://demo-store.com/product/under-armour-casual-shoes-336,9723,68,0.007053,6.12,low_ctr,0.0488,0.1445,Low CTR,Medium,334,Position #6.1: actual CTR 0.7% vs 4.9% expected (14% of benchmark). Fixing could add +334 clicks/mo. Improve title relevance. Ensure meta description matches search intent exactly. Add review schema for star ratings in SERPs.,product,1359.15,Low CTR,,,,,2,161
https://demo-store.com/product/reebok-tennis-shoes-753,6572,113,0.017304,3.85,low_ctr,0.08335,0.2076,Low CTR,Medium,351,Position #3.9: actual CTR 1.7% vs 8.3% expected (21% of benchmark). Fixing could add +351 clicks/mo. Rewrite title tag. A/B test with numbers and current year. Add structured data. Add review schema for star ratings in SERPs.,product,1352.64,Low CTR,,,,,2,162
https://demo-store.com/product/altra-badminton-shoes-193,10698,160,0.015016,5.71,low_ctr,0.05319,0.2823,Low CTR,Medium,323,Position #5.7: actual CTR 1.5% vs 5.3% expected (28% of benchmark). Fixing could add +323 clicks/mo. Rewrite title tag. A/B test with numbers and current year. Add structured data. Add review schema for star ratings in SERPs.,product,1344.65,Low CTR,,,,,2,163
https://demo-store.com/brands/adidas,6508,399,0.061309,4.54,,,,Keyword Cannibalization,Medium,450,HIGH PRIORITY: 2 pages splitting traffic for 'adidas running shoes'. Consolidate content into 'https://demo-store.com/brands/adidas'. 301-redirect or noindex the weaker pages. Add canonical tags pointing to the dominant page.,,,Keyword Cannibalization,adidas running shoes,2.0,https://demo-store.com/brands/adidas,11253.0,2,164
https://demo-store.com/blog/nike-vs-adidas,4745,131,0.027608,8.49,,,,Keyword Cannibalization,Medium,450,HIGH PRIORITY: 2 pages splitting traffic for 'adidas running shoes'. Consolidate content into 'https://demo-store.com/brands/adidas'. 301-redirect or noindex the weaker pages. Add canonical tags pointing to the dominant page.,,,Keyword Cannibalization,adidas running shoes,2.0,https://demo-store.com/brands/adidas,11253.0,2,165
